customerID,gender,SeniorCitizen,tenure,MonthlyCharges,Churn,revenue_segment,tenure_segment,churn_segment
7569-NMZYQ,Female,0,72,118.75,NO,1,Loyal,"Low Risk"
8984-HPEMB,Female,0,71,118.65,NO,1,Loyal,"Low Risk"
5989-AXPUC,Female,0,68,118.6,NO,1,Loyal,"Low Risk"
5734-EJKXG,Female,0,61,118.6,NO,1,Loyal,"Low Risk"
8199-ZLLSA,Male,0,67,118.35,YES,1,Loyal,"High Risk"
9924-JPRMC,Male,0,72,118.2,NO,1,Loyal,"Low Risk"
2889-FPWRM,Male,0,72,117.8,YES,1,Loyal,"High Risk"
3810-DVDQQ,Female,0,72,117.6,NO,1,Loyal,"Low Risk"
9739-JLPQJ,Female,0,72,117.5,NO,1,Loyal,"Low Risk"
2302-ANTDP,Female,1,48,117.45,YES,1,Loyal,"High Risk"
6904-JLBGY,Female,1,72,117.35,NO,1,Loyal,"Low Risk"
4282-MSACW,Male,0,68,117.2,NO,1,Loyal,"Low Risk"
6650-BWFRT,Female,0,72,117.15,NO,1,Loyal,"Low Risk"
9788-HNGUT,Male,0,72,116.95,NO,1,Loyal,"Low Risk"
1488-PBLJN,Female,0,72,116.85,NO,1,Loyal,"Low Risk"
0017-IUDMW,Female,0,72,116.8,NO,1,Loyal,"Low Risk"
8628-MFKAX,Female,1,72,116.75,NO,1,Loyal,"Low Risk"
3680-CTHUH,Male,0,60,116.6,NO,1,Loyal,"Low Risk"
3258-ZKPAI,Male,0,72,116.6,NO,1,Loyal,"Low Risk"
3795-CAWEX,Male,0,70,116.55,NO,1,Loyal,"Low Risk"
8016-NCFVO,Male,1,55,116.5,NO,1,Loyal,"Low Risk"
3963-RYFNS,Female,0,72,116.45,NO,1,Loyal,"Low Risk"
0675-NCDYU,Female,0,72,116.4,NO,1,Loyal,"Low Risk"
0186-CAERR,Male,0,71,116.3,NO,1,Loyal,"Low Risk"
4868-AADLV,Male,1,66,116.25,NO,1,Loyal,"Low Risk"
4374-YMUSQ,Male,0,34,116.25,NO,1,Established,"Low Risk"
8879-XUAHX,Male,0,71,116.25,NO,1,Loyal,"Low Risk"
9053-JZFKV,Male,0,67,116.2,YES,1,Loyal,"High Risk"
9695-IDRZR,Female,0,34,116.15,NO,1,Established,"Low Risk"
8975-SKGRX,Male,0,71,116.1,NO,1,Loyal,"Low Risk"
7923-IYJWY,Male,1,67,116.1,NO,1,Loyal,"Low Risk"
1480-BKXGA,Male,1,72,116.05,NO,1,Loyal,"Low Risk"
2223-GDSHL,Male,0,71,116.05,NO,1,Loyal,"Low Risk"
8261-GWDBQ,Female,1,60,116.05,NO,1,Loyal,"Low Risk"
0106-UGRDO,Female,0,69,116,NO,1,Loyal,"Low Risk"
1741-WTPON,Male,0,56,115.85,NO,1,Loyal,"Low Risk"
5914-XRFQB,Male,0,72,115.8,NO,1,Loyal,"Low Risk"
8513-OLYGY,Male,0,72,115.8,NO,1,Loyal,"Low Risk"
0052-DCKON,Male,0,66,115.8,NO,1,Loyal,"Low Risk"
6007-TCTST,Female,0,72,115.8,NO,1,Loyal,"Low Risk"
8606-CIQUL,Male,1,72,115.75,NO,1,Loyal,"Low Risk"
5451-YHYPW,Female,1,72,115.75,NO,1,Loyal,"Low Risk"
9659-QEQSY,Female,0,45,115.65,NO,1,Loyal,"Low Risk"
1444-VVSGW,Male,0,70,115.65,YES,1,Loyal,"High Risk"
0442-ZXKVS,Female,1,54,115.6,NO,1,Loyal,"Low Risk"
1352-HNSAW,Female,0,72,115.6,NO,1,Loyal,"Low Risk"
8480-PPONV,Male,0,62,115.55,NO,1,Loyal,"Low Risk"
0201-OAMXR,Female,0,70,115.55,YES,1,Loyal,"High Risk"
8263-QMNTJ,Male,0,72,115.55,NO,1,Loyal,"Low Risk"
2121-JAFOM,Female,0,72,115.55,NO,1,Loyal,"Low Risk"
8015-IHCGW,Female,0,72,115.5,NO,1,Loyal,"Low Risk"
9298-WGMRW,Female,0,72,115.5,NO,1,Loyal,"Low Risk"
3882-IYOIJ,Female,0,60,115.25,NO,1,Loyal,"Low Risk"
3669-WHAFY,Female,0,71,115.15,NO,1,Loyal,"Low Risk"
0906-QVPMS,Male,0,72,115.15,NO,1,Loyal,"Low Risk"
3396-DKDEL,Female,0,70,115.15,NO,1,Loyal,"Low Risk"
2380-DAMQP,Female,0,72,115.15,NO,1,Loyal,"Low Risk"
3642-GKTCT,Female,0,61,115.1,NO,1,Loyal,"Low Risk"
7017-VFHAY,Female,0,61,115.1,NO,1,Loyal,"Low Risk"
8869-LIHMK,Female,0,64,115.1,NO,1,Loyal,"Low Risk"
1557-EMYVT,Female,0,43,115.05,NO,1,Loyal,"Low Risk"
8894-JVDCV,Female,0,62,115.05,NO,1,Loyal,"Low Risk"
8454-AATJP,Female,0,72,115.05,NO,1,Loyal,"Low Risk"
8029-XYPWT,Male,1,71,115.05,NO,1,Loyal,"Low Risk"
1229-RCALF,Female,0,64,115,NO,1,Loyal,"Low Risk"
6919-ELBGL,Male,1,72,114.95,NO,1,Loyal,"Low Risk"
7176-WRTNX,Male,0,70,114.95,NO,1,Loyal,"Low Risk"
4304-TSPVK,Female,0,68,114.9,NO,1,Loyal,"Low Risk"
0164-APGRB,Female,0,72,114.9,NO,1,Loyal,"Low Risk"
2388-LAESQ,Female,1,72,114.85,NO,1,Loyal,"Low Risk"
4393-GEADV,Male,0,70,114.75,NO,1,Loyal,"Low Risk"
6445-TNRXS,Male,0,68,114.7,NO,1,Loyal,"Low Risk"
0206-TBWLC,Female,0,54,114.65,NO,1,Loyal,"Low Risk"
1779-PWPMG,Female,1,72,114.65,NO,1,Loyal,"Low Risk"
5322-TEUJK,Female,0,71,114.6,NO,1,Loyal,"Low Risk"
0530-IJVDB,Male,0,70,114.6,NO,1,Loyal,"Low Risk"
8207-DMRVL,Male,0,72,114.55,NO,1,Loyal,"Low Risk"
4361-BKAXE,Female,0,41,114.5,YES,1,Loyal,"High Risk"
5135-GRQJV,Male,1,72,114.5,NO,1,Loyal,"Low Risk"
7359-WWYJV,Male,0,72,114.45,NO,1,Loyal,"Low Risk"
2040-XBAVJ,Male,0,72,114.45,NO,1,Loyal,"Low Risk"
6655-LHBYW,Male,0,50,114.35,NO,1,Loyal,"Low Risk"
5375-XLDOF,Male,0,69,114.35,NO,1,Loyal,"Low Risk"
7929-SKFGK,Male,0,70,114.3,NO,1,Loyal,"Low Risk"
0266-GMEAO,Male,0,72,114.3,NO,1,Loyal,"Low Risk"
9896-UYMIE,Male,0,66,114.3,NO,1,Loyal,"Low Risk"
1555-DJEQW,Female,0,70,114.2,YES,1,Loyal,"High Risk"
9637-CDTKZ,Male,0,72,114.1,NO,1,Loyal,"Low Risk"
6710-HSJRD,Male,0,61,114.1,NO,1,Loyal,"Low Risk"
4376-KFVRS,Male,0,72,114.05,NO,1,Loyal,"Low Risk"
3892-NXAZG,Male,0,72,114.05,NO,1,Loyal,"Low Risk"
3726-TBHQT,Male,0,71,114,NO,1,Loyal,"Low Risk"
9127-FHJBZ,Male,0,72,114,NO,1,Loyal,"Low Risk"
8085-MSNLK,Female,0,62,113.95,NO,1,Loyal,"Low Risk"
3258-SYSWS,Male,1,72,113.8,NO,1,Loyal,"Low Risk"
7663-CUXZB,Male,0,59,113.75,NO,1,Loyal,"Low Risk"
9239-GZHZE,Female,0,72,113.65,NO,1,Loyal,"Low Risk"
5038-ETMLM,Female,0,72,113.65,NO,1,Loyal,"Low Risk"
4806-DXQCE,Female,1,70,113.65,NO,1,Loyal,"Low Risk"
2368-GAKKQ,Female,0,70,113.65,NO,1,Loyal,"Low Risk"
9258-CNWAC,Female,0,71,113.65,NO,1,Loyal,"Low Risk"
9158-VCTQB,Female,0,41,113.6,YES,1,Loyal,"High Risk"
7740-BTPUX,Male,1,55,113.6,NO,1,Loyal,"Low Risk"
9746-MDMBK,Male,0,47,113.45,NO,1,Loyal,"Low Risk"
8670-ERCJH,Male,0,72,113.4,NO,1,Loyal,"Low Risk"
0864-FVJNJ,Female,0,64,113.35,NO,1,Loyal,"Low Risk"
1950-KSVVJ,Female,0,45,113.3,NO,1,Loyal,"Low Risk"
3655-SNQYZ,Female,0,69,113.25,NO,1,Loyal,"Low Risk"
7279-BUYWN,Female,1,41,113.2,YES,1,Loyal,"High Risk"
9786-IJYDL,Female,0,35,113.2,NO,1,Established,"Low Risk"
1043-UXOVO,Female,0,71,113.15,NO,1,Loyal,"Low Risk"
9475-NNDGC,Male,0,71,113.15,NO,1,Loyal,"Low Risk"
5271-YNWVR,Male,0,68,113.15,YES,1,Loyal,"High Risk"
6859-QNXIQ,Female,0,72,113.1,NO,1,Loyal,"Low Risk"
3870-SPZSI,Female,0,70,113.05,NO,1,Loyal,"Low Risk"
0907-HQNTS,Female,1,70,113,NO,1,Loyal,"Low Risk"
0771-WLCLA,Female,0,16,112.95,NO,1,Established,"Low Risk"
1583-IHQZE,Male,0,12,112.95,YES,1,Established,"High Risk"
5236-PERKL,Female,0,57,112.95,YES,1,Loyal,"High Risk"
9481-IEBZY,Male,1,72,112.9,NO,1,Loyal,"Low Risk"
5183-KLYEM,Female,0,72,112.75,NO,1,Loyal,"Low Risk"
3520-FJGCV,Male,0,72,112.6,NO,1,Loyal,"Low Risk"
6993-YGFJV,Male,0,69,112.55,NO,1,Loyal,"Low Risk"
4829-ZLJTK,Female,1,72,112.4,NO,1,Loyal,"Low Risk"
8561-NMTBD,Female,0,67,112.35,NO,1,Loyal,"Low Risk"
7255-SSFBC,Male,0,72,112.25,NO,1,Loyal,"Low Risk"
6480-YAGIY,Male,0,45,112.2,NO,1,Loyal,"Low Risk"
0378-CJKPV,Female,0,72,112.1,NO,1,Loyal,"Low Risk"
7055-JCGNI,Female,0,70,111.95,NO,1,Loyal,"Low Risk"
2403-BCASL,Male,1,41,111.95,YES,1,Loyal,"High Risk"
2193-SFWQW,Male,0,72,111.95,NO,1,Loyal,"Low Risk"
6664-FPDAC,Female,1,56,111.95,YES,1,Loyal,"High Risk"
0619-OLYUR,Male,0,72,111.9,NO,1,Loyal,"Low Risk"
7409-JURKQ,Female,0,53,111.8,NO,1,Loyal,"Low Risk"
8099-MZPUJ,Male,0,48,111.8,NO,1,Loyal,"Low Risk"
2632-IVXVF,Female,0,68,111.75,NO,1,Loyal,"Low Risk"
2469-DTSGX,Female,1,72,111.65,NO,1,Loyal,"Low Risk"
5304-EFJLP,Male,1,72,111.65,NO,1,Loyal,"Low Risk"
3090-HAWSU,Male,0,61,111.6,YES,1,Loyal,"High Risk"
1891-QRQSA,Male,1,64,111.6,NO,1,Loyal,"Low Risk"
8853-TZDGH,Female,0,72,111.6,NO,1,Loyal,"Low Risk"
3584-WKTTW,Male,0,51,111.55,NO,1,Loyal,"Low Risk"
2587-EKXTS,Male,0,44,111.5,NO,1,Loyal,"Low Risk"
7245-JMTTQ,Female,0,51,111.5,NO,1,Loyal,"Low Risk"
7130-YXBRO,Male,0,48,111.45,NO,1,Loyal,"Low Risk"
1135-HIORI,Female,0,64,111.45,NO,1,Loyal,"Low Risk"
3292-PBZEJ,Male,1,11,111.4,NO,1,New,"Medium Risk"
6168-YBYNP,Male,0,59,111.35,NO,1,Loyal,"Low Risk"
2659-VXMWZ,Male,0,67,111.3,YES,1,Loyal,"High Risk"
2773-OVBPK,Male,0,67,111.3,NO,1,Loyal,"Low Risk"
3508-CFVZL,Female,0,71,111.3,NO,1,Loyal,"Low Risk"
9249-FXSCK,Female,0,52,111.25,YES,1,Loyal,"High Risk"
3199-NPKCN,Female,0,67,111.25,NO,1,Loyal,"Low Risk"
0835-JKADZ,Female,0,71,111.25,NO,1,Loyal,"Low Risk"
0115-TFERT,Male,0,21,111.2,YES,1,Established,"High Risk"
3022-BEXHZ,Male,0,67,111.2,NO,1,Loyal,"Low Risk"
5514-YQENT,Male,0,41,111.15,NO,1,Loyal,"Low Risk"
2067-QYTCF,Female,0,64,111.15,NO,1,Loyal,"Low Risk"
8071-SBTRN,Female,0,70,111.15,NO,1,Loyal,"Low Risk"
8591-TKMZH,Male,0,59,111.1,NO,1,Loyal,"Low Risk"
9079-YEXQJ,Female,0,54,111.1,YES,1,Loyal,"High Risk"
6067-NGCEU,Female,0,65,111.05,NO,1,Loyal,"Low Risk"
2323-ARSVR,Male,0,67,111.05,NO,1,Loyal,"Low Risk"
9351-HXDMR,Male,0,72,110.9,NO,1,Loyal,"Low Risk"
7030-FZTFM,Male,0,72,110.9,NO,1,Loyal,"Low Risk"
7632-MNYOY,Male,1,66,110.9,YES,1,Loyal,"High Risk"
9835-ZIITK,Male,1,66,110.85,YES,1,Loyal,"High Risk"
4789-KWMXN,Male,0,47,110.85,YES,1,Loyal,"High Risk"
6030-REHUX,Female,1,28,110.85,NO,1,Established,"Low Risk"
2499-AJYUA,Female,1,72,110.8,NO,1,Loyal,"Low Risk"
2272-JKMSI,Female,0,62,110.8,NO,1,Loyal,"Low Risk"
5795-KTGUD,Female,0,68,110.8,NO,1,Loyal,"Low Risk"
4118-CEVPF,Female,1,35,110.8,NO,1,Established,"Low Risk"
9330-VOFSZ,Female,0,60,110.8,NO,1,Loyal,"Low Risk"
4616-ULAOA,Female,0,65,110.8,NO,1,Loyal,"Low Risk"
2272-WUSPA,Female,0,72,110.75,NO,1,Loyal,"Low Risk"
8920-NAVAY,Male,1,62,110.75,NO,1,Loyal,"Low Risk"
5099-BAILX,Male,1,43,110.75,YES,1,Loyal,"High Risk"
1320-REHCS,Male,1,52,110.75,NO,1,Loyal,"Low Risk"
9356-AXGMP,Male,0,38,110.7,NO,1,Loyal,"Low Risk"
8823-RLPWL,Female,0,72,110.65,NO,1,Loyal,"Low Risk"
0409-WTMPL,Female,0,58,110.65,NO,1,Loyal,"Low Risk"
1291-CUOCY,Male,0,72,110.6,NO,1,Loyal,"Low Risk"
4827-LTQRJ,Female,1,66,110.6,NO,1,Loyal,"Low Risk"
6993-YCOBK,Male,0,60,110.6,NO,1,Loyal,"Low Risk"
4476-OSWTN,Male,1,69,110.55,NO,1,Loyal,"Low Risk"
6297-NOOPG,Female,0,70,110.5,NO,1,Loyal,"Low Risk"
8008-ESFLK,Female,0,53,110.5,NO,1,Loyal,"Low Risk"
2673-CXQEU,Female,1,56,110.5,NO,1,Loyal,"Low Risk"
1258-YMZNM,Female,1,27,110.5,NO,1,Established,"Low Risk"
7519-JTWQH,Female,0,69,110.5,NO,1,Loyal,"Low Risk"
9405-GPBBG,Female,0,64,110.5,NO,1,Loyal,"Low Risk"
6647-ZEDXT,Female,0,30,110.45,NO,1,Established,"Low Risk"
7602-MVRMB,Female,0,72,110.45,NO,1,Loyal,"Low Risk"
3336-JORSO,Female,1,33,110.45,YES,1,Established,"High Risk"
8309-PPCED,Female,0,72,110.45,NO,1,Loyal,"Low Risk"
1409-PHXTF,Male,1,54,110.45,NO,1,Loyal,"Low Risk"
3729-OWRVL,Male,1,65,110.35,NO,1,Loyal,"Low Risk"
3870-MQAMG,Female,0,54,110.35,YES,1,Loyal,"High Risk"
3580-HYCSP,Male,0,72,110.3,NO,1,Loyal,"Low Risk"
2789-CZANW,Female,0,64,110.3,NO,1,Loyal,"Low Risk"
4627-MIHJH,Female,1,69,110.25,NO,1,Loyal,"Low Risk"
1936-UAFEH,Female,0,68,110.25,NO,1,Loyal,"Low Risk"
7576-JMYWV,Female,1,46,110.2,NO,1,Loyal,"Low Risk"
8707-HOEDG,Female,0,70,110.2,NO,1,Loyal,"Low Risk"
5153-LXKDT,Male,0,68,110.2,NO,1,Loyal,"Low Risk"
2408-TZMJL,Male,0,59,110.15,YES,1,Loyal,"High Risk"
9070-BCKQP,Female,0,72,110.15,NO,1,Loyal,"Low Risk"
7566-DSRLQ,Female,0,72,110.15,NO,1,Loyal,"Low Risk"
9851-KIELU,Male,0,10,110.1,YES,1,New,"High Risk"
4778-IZARL,Male,0,63,110.1,NO,1,Loyal,"Low Risk"
2931-SVLTV,Male,0,40,110.1,NO,1,Loyal,"Low Risk"
3244-CQPHU,Female,1,72,110.1,NO,1,Loyal,"Low Risk"
5027-YOCXN,Male,0,51,110.05,NO,1,Loyal,"Low Risk"
2988-QRAJY,Male,0,69,110.05,NO,1,Loyal,"Low Risk"
3192-NQECA,Male,0,68,110,YES,1,Loyal,"High Risk"
0691-IFBQW,Female,1,46,110,YES,1,Loyal,"High Risk"
7868-TMWMZ,Female,1,60,110,NO,1,Loyal,"Low Risk"
6333-YDVLT,Male,0,65,110,NO,1,Loyal,"Low Risk"
0136-IFMYD,Male,1,69,109.95,NO,1,Loyal,"Low Risk"
1841-YSJGV,Male,0,72,109.95,NO,1,Loyal,"Low Risk"
3174-RKMOW,Male,0,35,109.95,NO,1,Established,"Low Risk"
0254-FNMCI,Female,0,72,109.9,NO,1,Loyal,"Low Risk"
0177-PXBAT,Male,1,33,109.9,NO,1,Established,"Low Risk"
3992-YWPKO,Female,0,6,109.9,YES,1,New,"High Risk"
0795-GMVQO,Male,0,67,109.9,NO,1,Loyal,"Low Risk"
1656-DRSMG,Female,0,63,109.85,NO,1,Loyal,"Low Risk"
6689-VRRTK,Female,1,44,109.8,NO,1,Loyal,"Low Risk"
3331-HQDTW,Female,0,34,109.8,YES,1,Established,"High Risk"
6198-PNNSZ,Female,0,56,109.8,NO,1,Loyal,"Low Risk"
9866-OCCKE,Female,1,72,109.75,NO,1,Loyal,"Low Risk"
1162-ECVII,Male,1,72,109.75,NO,1,Loyal,"Low Risk"
4670-TABXH,Male,0,72,109.75,NO,1,Loyal,"Low Risk"
1725-IQNIY,Male,0,54,109.75,YES,1,Loyal,"High Risk"
7446-KQISO,Male,0,45,109.75,NO,1,Loyal,"Low Risk"
9680-NIAUV,Female,0,72,109.7,NO,1,Loyal,"Low Risk"
0013-SMEOE,Female,1,71,109.7,NO,1,Loyal,"Low Risk"
1360-XFJMR,Female,0,67,109.7,NO,1,Loyal,"Low Risk"
4909-JOUPP,Male,1,72,109.7,NO,1,Loyal,"Low Risk"
5013-SBUIH,Female,0,50,109.65,YES,1,Loyal,"High Risk"
6295-OSINB,Male,0,72,109.65,NO,1,Loyal,"Low Risk"
0237-YFUTL,Female,0,50,109.65,NO,1,Loyal,"Low Risk"
5945-AZYHT,Male,0,71,109.6,NO,1,Loyal,"Low Risk"
1061-PNTHC,Female,0,56,109.6,NO,1,Loyal,"Low Risk"
3518-FSTWG,Male,1,72,109.55,NO,1,Loyal,"Low Risk"
2731-GJRDG,Female,0,32,109.55,NO,1,Established,"Low Risk"
6599-RCLCJ,Male,0,47,109.55,YES,1,Loyal,"High Risk"
9802-CAQUT,Female,0,72,109.55,NO,1,Loyal,"Low Risk"
0536-ACXIP,Female,0,72,109.55,NO,1,Loyal,"Low Risk"
4176-FXYBO,Male,0,54,109.55,NO,1,Loyal,"Low Risk"
9360-AHGNL,Female,1,43,109.55,YES,1,Loyal,"High Risk"
0748-RDGGM,Male,0,70,109.5,YES,1,Loyal,"High Risk"
1984-FCOWB,Female,0,70,109.5,YES,1,Loyal,"High Risk"
3831-YCPUO,Female,0,72,109.5,NO,1,Loyal,"Low Risk"
2522-AHJXR,Male,0,60,109.45,NO,1,Loyal,"Low Risk"
5089-IFSDP,Female,0,58,109.45,YES,1,Loyal,"High Risk"
9052-VKDUW,Female,1,65,109.4,NO,1,Loyal,"Low Risk"
8849-PRIQJ,Female,0,67,109.4,NO,1,Loyal,"Low Risk"
0103-CSITQ,Female,0,57,109.4,NO,1,Loyal,"Low Risk"
7537-CBQUZ,Male,1,63,109.4,NO,1,Loyal,"Low Risk"
2599-CIPQE,Male,0,71,109.3,NO,1,Loyal,"Low Risk"
1428-IEDPR,Male,0,52,109.3,NO,1,Loyal,"Low Risk"
1163-VIPRI,Female,0,65,109.3,NO,1,Loyal,"Low Risk"
3617-XLSGQ,Female,0,66,109.25,NO,1,Loyal,"Low Risk"
3886-CERTZ,Female,0,72,109.25,YES,1,Loyal,"High Risk"
6308-CQRBU,Female,0,71,109.25,NO,1,Loyal,"Low Risk"
9488-FYQAU,Female,0,63,109.25,NO,1,Loyal,"Low Risk"
0961-ZWLVI,Male,0,49,109.2,NO,1,Loyal,"Low Risk"
8901-UPRHR,Female,0,72,109.2,NO,1,Loyal,"Low Risk"
6614-FHDBO,Male,0,72,109.2,NO,1,Loyal,"Low Risk"
3612-YUNGG,Male,0,64,109.2,NO,1,Loyal,"Low Risk"
5574-NXZIU,Male,0,63,109.2,NO,1,Loyal,"Low Risk"
3571-RFHAR,Male,0,65,109.15,YES,1,Loyal,"High Risk"
2266-SJNAT,Female,0,72,109.15,NO,1,Loyal,"Low Risk"
5140-FOMCQ,Female,0,59,109.15,NO,1,Loyal,"Low Risk"
4567-AKPIA,Female,0,41,109.1,NO,1,Loyal,"Low Risk"
8819-ZBYNA,Female,0,58,109.1,NO,1,Loyal,"Low Risk"
9278-VZKCD,Female,1,52,109.1,NO,1,Loyal,"Low Risk"
3766-EJLFL,Female,0,68,109.05,NO,1,Loyal,"Low Risk"
2307-FYNNL,Male,1,65,109.05,NO,1,Loyal,"Low Risk"
3407-JMJQQ,Female,0,71,109,NO,1,Loyal,"Low Risk"
5172-RKOCB,Male,0,72,108.95,NO,1,Loyal,"Low Risk"
4350-ZTLPI,Female,0,53,108.95,NO,1,Loyal,"Low Risk"
6733-LRIZX,Male,0,35,108.95,NO,1,Established,"Low Risk"
8495-LJDFO,Female,1,64,108.95,NO,1,Loyal,"Low Risk"
4016-BJKTZ,Female,0,25,108.9,NO,1,Established,"Low Risk"
0345-XMMUG,Female,0,46,108.9,NO,1,Loyal,"Low Risk"
9971-ZWPBF,Male,1,34,108.9,NO,1,Established,"Low Risk"
3424-NMNBO,Male,1,58,108.85,YES,1,Loyal,"High Risk"
3761-FLYZI,Female,1,65,108.8,NO,1,Loyal,"Low Risk"
1150-WFARN,Female,0,67,108.75,YES,1,Loyal,"High Risk"
2027-WKXMW,Female,0,63,108.75,NO,1,Loyal,"Low Risk"
2144-BFDSO,Female,1,50,108.75,NO,1,Loyal,"Low Risk"
8213-TAZPM,Female,0,69,108.75,NO,1,Loyal,"Low Risk"
2001-MCUUW,Male,0,46,108.65,NO,1,Loyal,"Low Risk"
6990-YNRIO,Male,0,65,108.65,YES,1,Loyal,"High Risk"
1053-MXTTK,Female,0,72,108.65,NO,1,Loyal,"Low Risk"
7317-GGVPB,Male,0,71,108.6,YES,1,Loyal,"High Risk"
2798-NYLMZ,Male,0,71,108.55,NO,1,Loyal,"Low Risk"
9101-BWFSS,Female,0,50,108.55,YES,1,Loyal,"High Risk"
5168-MQQCA,Female,0,72,108.5,NO,1,Loyal,"Low Risk"
8041-TMEID,Male,1,63,108.5,NO,1,Loyal,"Low Risk"
5966-EMAZU,Male,0,64,108.5,NO,1,Loyal,"Low Risk"
4250-ZBWLV,Male,0,68,108.45,YES,1,Loyal,"High Risk"
5067-XJQFU,Male,1,66,108.45,NO,1,Loyal,"Low Risk"
1216-BGTSP,Male,0,45,108.45,NO,1,Loyal,"Low Risk"
5440-FLBQG,Male,1,69,108.4,YES,1,Loyal,"High Risk"
2419-FSORS,Male,0,72,108.4,NO,1,Loyal,"Low Risk"
1320-GVNHT,Male,0,72,108.4,NO,1,Loyal,"Low Risk"
5981-ZVXOT,Female,1,35,108.35,NO,1,Established,"Low Risk"
6519-ZHPXP,Female,0,72,108.3,NO,1,Loyal,"Low Risk"
6362-QHAFM,Male,0,42,108.3,NO,1,Loyal,"Low Risk"
1074-AMIOH,Female,0,53,108.25,NO,1,Loyal,"Low Risk"
1110-KYLGQ,Female,0,63,108.25,NO,1,Loyal,"Low Risk"
7550-WIQVA,Male,0,50,108.25,NO,1,Loyal,"Low Risk"
4329-YPDDQ,Male,0,20,108.2,NO,1,Established,"Low Risk"
9031-ZVQPT,Male,0,72,108.2,NO,1,Loyal,"Low Risk"
1679-JRFBR,Female,0,70,108.15,NO,1,Loyal,"Low Risk"
0181-RITDD,Male,0,62,108.15,NO,1,Loyal,"Low Risk"
6179-GJPSO,Female,1,43,108.15,YES,1,Loyal,"High Risk"
0363-QJVFX,Male,0,32,108.15,YES,1,Established,"High Risk"
0786-IVLAW,Female,1,66,108.1,NO,1,Loyal,"Low Risk"
6723-WSNTY,Female,1,66,108.1,NO,1,Loyal,"Low Risk"
6583-SZVGP,Male,0,48,108.1,NO,1,Loyal,"Low Risk"
7134-HBPBS,Female,1,72,108.1,NO,1,Loyal,"Low Risk"
3657-COGMW,Female,1,52,108.1,NO,1,Loyal,"Low Risk"
2692-AQCPF,Female,0,65,108.05,NO,1,Loyal,"Low Risk"
2834-JRTUA,Male,0,71,108.05,YES,1,Loyal,"High Risk"
9861-PDSZP,Female,0,72,108.05,NO,1,Loyal,"Low Risk"
2651-ZCBXV,Male,0,54,108,NO,1,Loyal,"Low Risk"
5760-IFJOZ,Male,0,3,107.95,NO,1,New,"Medium Risk"
2081-VEYEH,Male,0,3,107.95,NO,1,New,"Medium Risk"
1400-WIVLL,Male,0,57,107.95,NO,1,Loyal,"Low Risk"
6386-SZZKH,Female,0,49,107.95,YES,1,Loyal,"High Risk"
9844-FELAJ,Female,1,70,107.9,NO,1,Loyal,"Low Risk"
1698-XFZCI,Male,0,61,107.75,NO,1,Loyal,"Low Risk"
2000-MPKCA,Female,0,58,107.75,NO,1,Loyal,"Low Risk"
1833-TCXKK,Male,0,45,107.75,NO,1,Loyal,"Low Risk"
7821-DPRQE,Male,0,68,107.7,NO,1,Loyal,"Low Risk"
8915-NNTRC,Male,0,72,107.7,NO,1,Loyal,"Low Risk"
3096-YXENJ,Female,0,65,107.65,NO,1,Loyal,"Low Risk"
4683-WYDOU,Male,0,62,107.6,NO,1,Loyal,"Low Risk"
0114-PEGZZ,Female,0,33,107.55,NO,1,Established,"Low Risk"
8327-LZKAS,Female,1,43,107.55,YES,1,Loyal,"High Risk"
2615-YVMYX,Male,1,71,107.5,NO,1,Loyal,"Low Risk"
5954-BDFSG,Female,0,72,107.5,NO,1,Loyal,"Low Risk"
8800-ZKRFW,Female,0,30,107.5,NO,1,Established,"Low Risk"
2886-KEFUM,Female,0,63,107.5,YES,1,Loyal,"High Risk"
9036-CSKBW,Female,0,51,107.45,NO,1,Loyal,"Low Risk"
4056-QHXHZ,Female,0,72,107.45,NO,1,Loyal,"Low Risk"
5336-UFNZP,Female,1,65,107.45,NO,1,Loyal,"Low Risk"
8265-HKSOW,Female,0,72,107.45,NO,1,Loyal,"Low Risk"
8024-XNAFQ,Female,1,72,107.4,NO,1,Loyal,"Low Risk"
6394-MFYNG,Female,0,48,107.4,YES,1,Loyal,"High Risk"
4566-GOLUK,Male,0,47,107.35,YES,1,Loyal,"High Risk"
9659-ZTWSM,Male,1,66,107.35,NO,1,Loyal,"Low Risk"
6815-ABQFQ,Male,0,56,107.25,NO,1,Loyal,"Low Risk"
8565-HBFNN,Male,0,69,107.2,NO,1,Loyal,"Low Risk"
1297-VQDRP,Male,1,68,107.15,NO,1,Loyal,"Low Risk"
4716-HHKQH,Male,1,20,107.05,NO,1,Established,"Low Risk"
5481-NTDOH,Female,1,67,107.05,NO,1,Loyal,"Low Risk"
3758-CKOQL,Female,0,59,107,NO,1,Loyal,"Low Risk"
6777-TGHTM,Female,0,53,106.95,YES,1,Loyal,"High Risk"
9137-UIYPG,Female,0,35,106.9,NO,1,Established,"Low Risk"
3606-TWKGI,Male,1,13,106.9,YES,1,Established,"High Risk"
3786-WOVKF,Female,1,72,106.85,NO,1,Loyal,"Low Risk"
5035-PGZXH,Female,0,56,106.8,NO,1,Loyal,"Low Risk"
8152-UOBNY,Female,1,50,106.8,NO,1,Loyal,"Low Risk"
1784-EZDKJ,Male,0,51,106.8,NO,1,Loyal,"Low Risk"
4119-ZYPZY,Male,1,71,106.8,NO,1,Loyal,"Low Risk"
9572-MTILT,Male,0,59,106.75,YES,1,Loyal,"High Risk"
9558-IHEZX,Female,0,71,106.75,NO,1,Loyal,"Low Risk"
9710-ZUSHQ,Female,1,37,106.75,YES,1,Loyal,"High Risk"
9959-WOFKT,Male,0,71,106.7,NO,1,Loyal,"Low Risk"
2027-FECZV,Male,0,12,106.7,YES,1,Established,"High Risk"
5055-BRMNE,Female,0,67,106.7,NO,1,Loyal,"Low Risk"
1169-SAOCL,Male,0,49,106.65,NO,1,Loyal,"Low Risk"
5855-EIBDE,Female,0,49,106.65,NO,1,Loyal,"Low Risk"
6591-QGOYB,Male,0,17,106.65,NO,1,Established,"Low Risk"
6804-GDMOI,Female,0,61,106.6,YES,1,Loyal,"High Risk"
7825-ECJRF,Female,0,19,106.6,YES,1,Established,"High Risk"
4010-YLMVT,Female,0,56,106.6,NO,1,Loyal,"Low Risk"
6465-GSRCL,Female,0,67,106.6,NO,1,Loyal,"Low Risk"
8849-GYOKR,Female,0,54,106.55,YES,1,Loyal,"High Risk"
9822-WMWVG,Female,0,41,106.5,NO,1,Loyal,"Low Risk"
3692-JHONH,Female,1,52,106.5,NO,1,Loyal,"Low Risk"
6050-IJRHS,Female,0,70,106.5,NO,1,Loyal,"Low Risk"
5748-RNCJT,Male,0,69,106.5,YES,1,Loyal,"High Risk"
1502-XFCVR,Female,0,58,106.45,YES,1,Loyal,"High Risk"
8535-SFUTN,Male,0,61,106.45,NO,1,Loyal,"Low Risk"
1552-AAGRX,Female,0,30,106.4,NO,1,Established,"Low Risk"
8118-LSUEL,Male,1,23,106.4,YES,1,Established,"High Risk"
8938-UMKPI,Female,0,47,106.4,YES,1,Loyal,"High Risk"
7718-UPSKJ,Female,0,69,106.4,NO,1,Loyal,"Low Risk"
7048-GXDAY,Male,0,39,106.4,NO,1,Loyal,"Low Risk"
5380-WJKOV,Male,0,34,106.35,YES,1,Established,"High Risk"
4220-TINQT,Female,0,61,106.35,NO,1,Loyal,"Low Risk"
3757-NJYBX,Male,1,32,106.35,YES,1,Established,"High Risk"
5630-IXDXV,Female,0,47,106.35,NO,1,Loyal,"Low Risk"
5161-UBZXI,Male,0,69,106.35,NO,1,Loyal,"Low Risk"
0337-CNPZE,Female,0,41,106.3,YES,1,Loyal,"High Risk"
3374-TTZTK,Male,0,52,106.3,NO,1,Loyal,"Low Risk"
8107-RZLNV,Male,0,72,106.3,NO,1,Loyal,"Low Risk"
7067-KSAZT,Female,1,65,106.25,YES,1,Loyal,"High Risk"
1548-FEHVL,Male,0,61,106.2,NO,1,Loyal,"Low Risk"
6377-WHAOX,Female,0,60,106.15,NO,1,Loyal,"Low Risk"
3957-LXOLK,Female,1,28,106.15,YES,1,Established,"High Risk"
6994-FGRHH,Male,0,70,106.15,NO,1,Loyal,"Low Risk"
9912-OMZDS,Female,0,59,106.15,NO,1,Loyal,"Low Risk"
7599-FKVXZ,Male,0,42,106.15,YES,1,Loyal,"High Risk"
3865-YIOTT,Male,0,72,106.1,NO,1,Loyal,"Low Risk"
9651-GTSAQ,Female,0,53,106.1,YES,1,Loyal,"High Risk"
1899-VXWXM,Male,0,48,106.1,YES,1,Loyal,"High Risk"
5668-MEISB,Female,0,72,106.1,NO,1,Loyal,"Low Risk"
3325-FUYCG,Male,0,28,106.1,YES,1,Established,"High Risk"
1452-UZOSF,Male,0,72,106.1,NO,1,Loyal,"Low Risk"
1309-BXVOQ,Male,0,21,106.1,YES,1,Established,"High Risk"
4393-RYCRE,Male,0,44,106.05,NO,1,Loyal,"Low Risk"
7762-URZQH,Male,0,66,106.05,YES,1,Loyal,"High Risk"
1621-YNCJH,Female,0,36,106.05,NO,1,Established,"Low Risk"
5804-HYIEZ,Male,0,70,106.05,NO,1,Loyal,"Low Risk"
1017-FBQMM,Female,0,62,106.05,NO,1,Loyal,"Low Risk"
5469-CTCWN,Male,0,61,106,YES,1,Loyal,"High Risk"
5056-FIMPT,Female,0,43,106,NO,1,Loyal,"Low Risk"
8564-LDKFL,Male,0,40,106,NO,1,Loyal,"Low Risk"
8651-ENBZX,Female,1,60,106,YES,1,Loyal,"High Risk"
3259-FDWOY,Male,0,71,106,YES,1,Loyal,"High Risk"
0691-NIKRI,Female,0,40,105.95,NO,1,Loyal,"Low Risk"
1113-IUJYX,Female,0,14,105.95,YES,1,Established,"High Risk"
1228-FZFRV,Male,0,50,105.95,YES,1,Loyal,"High Risk"
5130-IEKQT,Male,1,25,105.95,YES,1,Established,"High Risk"
6425-YQLLO,Female,1,66,105.95,YES,1,Loyal,"High Risk"
7752-XUSCI,Female,0,60,105.9,YES,1,Loyal,"High Risk"
2172-EJXVF,Female,1,71,105.9,NO,1,Loyal,"Low Risk"
5647-FXOTP,Female,1,60,105.9,NO,1,Loyal,"Low Risk"
1400-MMYXY,Male,1,3,105.9,YES,1,New,"High Risk"
8777-MBMTS,Female,1,65,105.85,NO,1,Loyal,"Low Risk"
4525-VZCZG,Male,0,54,105.85,NO,1,Loyal,"Low Risk"
2249-YPRNG,Female,0,20,105.85,YES,1,Established,"High Risk"
1104-TNLZA,Male,1,28,105.8,NO,1,Established,"Low Risk"
8999-XXGNS,Female,1,72,105.75,NO,1,Loyal,"Low Risk"
3858-XHYJO,Female,0,40,105.75,NO,1,Loyal,"Low Risk"
2056-EVGZL,Male,0,68,105.75,NO,1,Loyal,"Low Risk"
0308-GIQJT,Male,1,71,105.75,NO,1,Loyal,"Low Risk"
6900-PXRMS,Male,1,26,105.75,YES,1,Established,"High Risk"
5569-IDSEY,Male,0,71,105.7,NO,1,Loyal,"Low Risk"
8868-WOZGU,Male,0,28,105.7,YES,1,Established,"High Risk"
1421-HCERK,Male,1,30,105.7,NO,1,Established,"Low Risk"
4753-PADAS,Female,0,67,105.7,NO,1,Loyal,"Low Risk"
2722-VOJQL,Male,0,64,105.65,YES,1,Loyal,"High Risk"
3186-AJIEK,Male,0,66,105.65,NO,1,Loyal,"Low Risk"
8111-SLLHI,Male,1,39,105.65,YES,1,Loyal,"High Risk"
0266-CLZKZ,Female,0,67,105.65,NO,1,Loyal,"Low Risk"
3932-CMDTD,Female,0,4,105.65,YES,1,New,"High Risk"
5285-MVEHD,Female,0,56,105.6,NO,1,Loyal,"Low Risk"
5897-ZYEKH,Female,1,67,105.6,NO,1,Loyal,"Low Risk"
0853-TWRVK,Male,0,72,105.6,NO,1,Loyal,"Low Risk"
3363-DTIVD,Male,0,71,105.55,NO,1,Loyal,"Low Risk"
0678-RLHVP,Female,0,53,105.55,NO,1,Loyal,"Low Risk"
4446-BZKHU,Male,0,61,105.55,YES,1,Loyal,"High Risk"
0401-WDBXM,Male,0,72,105.55,NO,1,Loyal,"Low Risk"
4323-OHFOW,Female,1,70,105.55,NO,1,Loyal,"Low Risk"
5339-TJFEK,Male,0,62,105.5,NO,1,Loyal,"Low Risk"
3389-YGYAI,Female,1,8,105.5,YES,1,New,"High Risk"
0193-ESZXP,Female,1,58,105.5,YES,1,Loyal,"High Risk"
5129-JLPIS,Male,0,25,105.5,NO,1,Established,"Low Risk"
1090-ESELR,Male,0,72,105.5,NO,1,Loyal,"Low Risk"
7207-RMRDB,Female,0,65,105.5,YES,1,Loyal,"High Risk"
4389-UEFCZ,Female,0,72,105.5,NO,1,Loyal,"Low Risk"
8677-HDZEE,Female,0,56,105.45,NO,1,Loyal,"Low Risk"
0479-HMSWA,Female,0,26,105.45,NO,1,Established,"Low Risk"
5174-ITUMV,Male,0,67,105.4,NO,1,Loyal,"Low Risk"
6048-UWKAL,Female,1,69,105.4,NO,1,Loyal,"Low Risk"
1060-ENTOF,Female,1,67,105.4,NO,1,Loyal,"Low Risk"
4191-XOVOM,Male,0,63,105.4,NO,1,Loyal,"Low Risk"
7055-VKGDA,Male,0,54,105.4,YES,1,Loyal,"High Risk"
9586-JGQKH,Female,0,64,105.4,NO,1,Loyal,"Low Risk"
2697-NQBPF,Male,0,34,105.35,NO,1,Established,"Low Risk"
0899-WZRSD,Male,0,56,105.35,NO,1,Loyal,"Low Risk"
1576-PFZIW,Male,1,70,105.35,NO,1,Loyal,"Low Risk"
2133-TSRRM,Female,0,34,105.35,NO,1,Established,"Low Risk"
5947-SGKCL,Female,0,15,105.35,NO,1,Established,"Low Risk"
6050-FFXES,Female,0,69,105.35,NO,1,Loyal,"Low Risk"
8059-UDZFY,Female,1,33,105.35,NO,1,Established,"Low Risk"
5052-PNLOS,Male,0,3,105.35,YES,1,New,"High Risk"
6734-GMPVK,Male,0,5,105.3,NO,1,New,"Medium Risk"
7145-FEJWU,Female,0,12,105.3,NO,1,Established,"Low Risk"
4587-VVTOX,Female,0,6,105.3,YES,1,New,"High Risk"
9090-SGQXL,Male,1,68,105.3,YES,1,Loyal,"High Risk"
4043-MKDTV,Male,0,71,105.25,NO,1,Loyal,"Low Risk"
5965-GGPRW,Male,0,72,105.25,NO,1,Loyal,"Low Risk"
4378-MYPGO,Male,0,68,105.25,NO,1,Loyal,"Low Risk"
8984-EYLLL,Male,0,64,105.25,NO,1,Loyal,"Low Risk"
3419-SNJJD,Female,1,65,105.25,YES,1,Loyal,"High Risk"
6891-JPYFF,Female,0,48,105.25,NO,1,Loyal,"Low Risk"
3567-PQTSO,Male,0,53,105.25,NO,1,Loyal,"Low Risk"
7722-CVFXN,Male,0,54,105.2,NO,1,Loyal,"Low Risk"
7789-HKSBS,Female,1,42,105.2,NO,1,Loyal,"Low Risk"
5440-VHLUL,Male,0,69,105.2,NO,1,Loyal,"Low Risk"
2165-VOEGB,Female,0,46,105.2,YES,1,Loyal,"High Risk"
1469-LBJQJ,Female,0,66,105.2,NO,1,Loyal,"Low Risk"
1448-CYWKC,Female,0,58,105.2,NO,1,Loyal,"Low Risk"
9661-ACXBS,Female,0,42,105.2,YES,1,Loyal,"High Risk"
5360-LJCNJ,Female,0,71,105.15,NO,1,Loyal,"Low Risk"
9408-HRXRK,Female,0,45,105.15,NO,1,Loyal,"Low Risk"
2806-MLNTI,Male,1,52,105.1,NO,1,Loyal,"Low Risk"
0207-MDKNV,Female,0,15,105.1,YES,1,Established,"High Risk"
2874-YXVVA,Female,0,34,105.1,NO,1,Established,"Low Risk"
5118-MUEYH,Female,0,48,105.1,NO,1,Loyal,"Low Risk"
5287-QWLKY,Male,1,71,105.1,YES,1,Loyal,"High Risk"
3197-NNYNB,Male,0,65,105.1,NO,1,Loyal,"Low Risk"
1090-PYKCI,Female,0,69,105.1,NO,1,Loyal,"Low Risk"
7544-ZVIKX,Male,0,58,105.05,NO,1,Loyal,"Low Risk"
5055-MGMGF,Female,0,65,105.05,NO,1,Loyal,"Low Risk"
6734-FQAJX,Male,1,67,105.05,NO,1,Loyal,"Low Risk"
4484-GLZOU,Female,0,52,105.05,YES,1,Loyal,"High Risk"
2560-PPCHE,Female,0,65,105.05,NO,1,Loyal,"Low Risk"
7516-GMHUV,Male,1,50,105.05,NO,1,Loyal,"Low Risk"
3197-ARFOY,Female,1,19,105,NO,1,Established,"Low Risk"
0392-BZIUW,Female,0,72,105,NO,1,Loyal,"Low Risk"
3838-OZURD,Male,0,66,105,YES,1,Loyal,"High Risk"
6769-DCQLI,Male,0,52,105,YES,1,Loyal,"High Risk"
6837-HAEVO,Male,0,69,105,NO,1,Loyal,"Low Risk"
5985-BEHZK,Female,1,72,105,NO,1,Loyal,"Low Risk"
6496-SLWHQ,Male,1,3,105,YES,1,New,"High Risk"
6518-LGAOV,Female,0,38,105,YES,1,Loyal,"High Risk"
2786-GCDPI,Female,1,50,104.95,NO,1,Loyal,"Low Risk"
7203-OYKCT,Male,0,72,104.95,NO,1,Loyal,"Low Risk"
9601-BRXPO,Female,0,25,104.95,YES,1,Established,"High Risk"
3170-GWYKC,Female,0,60,104.95,NO,1,Loyal,"Low Risk"
4815-YOSUK,Male,0,72,104.9,NO,1,Loyal,"Low Risk"
3001-CBHLQ,Male,1,32,104.9,YES,1,Established,"High Risk"
2883-ILGWO,Male,1,57,104.9,NO,1,Loyal,"Low Risk"
2984-TBYKU,Male,0,72,104.9,NO,1,Loyal,"Low Risk"
2664-XJZNO,Male,0,72,104.9,NO,1,Loyal,"Low Risk"
5553-AOINX,Female,1,66,104.9,NO,1,Loyal,"Low Risk"
0471-ARVMX,Female,1,62,104.85,NO,1,Loyal,"Low Risk"
6807-SIWJI,Male,0,38,104.85,NO,1,Loyal,"Low Risk"
9221-OTIVJ,Female,1,14,104.85,YES,1,Established,"High Risk"
7892-POOKP,Female,0,28,104.8,YES,1,Established,"High Risk"
3552-CTCYF,Male,0,63,104.8,NO,1,Loyal,"Low Risk"
9412-GHEEC,Male,0,40,104.8,YES,1,Loyal,"High Risk"
0100-DUVFC,Male,1,70,104.8,NO,1,Loyal,"Low Risk"
5286-YHCVC,Male,0,72,104.8,NO,1,Loyal,"Low Risk"
4480-MBMLB,Female,0,36,104.8,NO,1,Established,"Low Risk"
6661-HBGWL,Female,1,42,104.75,YES,1,Loyal,"High Risk"
5193-QLVZB,Male,0,63,104.75,NO,1,Loyal,"Low Risk"
4612-THJBS,Female,1,56,104.75,YES,1,Loyal,"High Risk"
4840-ORQXB,Female,1,56,104.75,NO,1,Loyal,"Low Risk"
9851-QXEEQ,Male,0,41,104.7,YES,1,Loyal,"High Risk"
2001-EWBQU,Female,0,60,104.7,NO,1,Loyal,"Low Risk"
2359-QWQUL,Female,0,39,104.7,YES,1,Loyal,"High Risk"
8634-CILSZ,Male,0,69,104.7,YES,1,Loyal,"High Risk"
3685-YLCMQ,Male,0,58,104.65,YES,1,Loyal,"High Risk"
8329-UTMVM,Male,1,27,104.65,NO,1,Established,"Low Risk"
3324-OIRTO,Male,0,71,104.65,NO,1,Loyal,"Low Risk"
5074-FBGHB,Male,0,64,104.65,NO,1,Loyal,"Low Risk"
8625-AZYZY,Male,0,24,104.65,YES,1,Established,"High Risk"
6680-NENYN,Female,0,43,104.6,YES,1,Loyal,"High Risk"
6797-UCJHZ,Female,1,66,104.6,NO,1,Loyal,"Low Risk"
8466-PZBLH,Male,0,67,104.6,NO,1,Loyal,"Low Risk"
9927-DSWDF,Male,0,22,104.6,NO,1,Established,"Low Risk"
6408-OTUBZ,Female,0,66,104.55,NO,1,Loyal,"Low Risk"
4913-EHYUI,Male,1,56,104.55,YES,1,Loyal,"High Risk"
5149-TGWDZ,Female,0,21,104.55,NO,1,Established,"Low Risk"
5370-IIVVL,Male,0,37,104.5,NO,1,Loyal,"Low Risk"
8552-OBVRU,Female,1,48,104.5,NO,1,Loyal,"Low Risk"
8123-QBNAZ,Female,0,36,104.5,NO,1,Established,"Low Risk"
6771-XWBDM,Female,0,57,104.5,YES,1,Loyal,"High Risk"
0565-JUPYD,Male,0,63,104.5,NO,1,Loyal,"Low Risk"
0093-XWZFY,Male,0,40,104.5,YES,1,Loyal,"High Risk"
5995-SNNEW,Male,1,23,104.45,NO,1,Established,"Low Risk"
5376-PCKNB,Male,0,72,104.45,NO,1,Loyal,"Low Risk"
8952-WCVCD,Female,0,41,104.45,NO,1,Loyal,"Low Risk"
3597-YASZG,Female,1,70,104.45,NO,1,Loyal,"Low Risk"
5732-IKGQH,Male,1,52,104.45,NO,1,Loyal,"Low Risk"
8818-DOPVL,Female,1,46,104.45,NO,1,Loyal,"Low Risk"
1875-QIVME,Female,0,2,104.4,YES,1,New,"High Risk"
4423-YLHDV,Female,0,21,104.4,YES,1,Established,"High Risk"
7940-UQQUG,Female,0,64,104.4,NO,1,Loyal,"Low Risk"
5802-ADBRC,Female,0,50,104.4,NO,1,Loyal,"Low Risk"
5219-YIPTK,Female,0,33,104.4,YES,1,Established,"High Risk"
5923-GXUOC,Male,0,10,104.4,YES,1,New,"High Risk"
7124-UGSUR,Female,1,61,104.4,YES,1,Loyal,"High Risk"
2080-CAZNM,Female,1,41,104.4,NO,1,Loyal,"Low Risk"
0654-HMSHN,Male,0,21,104.4,YES,1,Established,"High Risk"
2324-EFHVG,Male,0,64,104.4,NO,1,Loyal,"Low Risk"
6603-QWSPR,Female,0,46,104.4,NO,1,Loyal,"Low Risk"
5956-YHHRX,Male,1,21,104.35,NO,1,Established,"Low Risk"
2378-VTKDH,Male,1,65,104.35,NO,1,Loyal,"Low Risk"
2519-LBNQL,Male,1,60,104.35,NO,1,Loyal,"Low Risk"
1550-EENBN,Female,0,31,104.35,NO,1,Established,"Low Risk"
9154-QDGTH,Male,0,43,104.3,NO,1,Loyal,"Low Risk"
0895-DQHEW,Male,0,54,104.3,YES,1,Loyal,"High Risk"
6616-AALSR,Female,0,65,104.3,NO,1,Loyal,"Low Risk"
3096-JRDSO,Female,1,27,104.3,YES,1,Established,"High Risk"
7208-PSIHR,Female,0,70,104.3,NO,1,Loyal,"Low Risk"
6341-AEVKX,Female,0,62,104.3,NO,1,Loyal,"Low Risk"
2360-RDGRO,Male,0,65,104.25,NO,1,Loyal,"Low Risk"
6892-XPFPU,Male,1,24,104.25,YES,1,Established,"High Risk"
9821-BESNZ,Male,0,66,104.25,NO,1,Loyal,"Low Risk"
9874-QLCLH,Female,0,17,104.2,YES,1,Established,"High Risk"
5385-SUIRI,Male,1,52,104.2,YES,1,Loyal,"High Risk"
4077-CROMM,Female,0,31,104.2,YES,1,Established,"High Risk"
5716-LIBJC,Female,0,13,104.15,NO,1,Established,"Low Risk"
6257-DTAYD,Male,0,71,104.15,NO,1,Loyal,"Low Risk"
6728-DKUCO,Female,0,72,104.15,NO,1,Loyal,"Low Risk"
8313-NDOIA,Female,0,24,104.15,NO,1,Established,"Low Risk"
9168-INPSZ,Female,1,44,104.15,NO,1,Loyal,"Low Risk"
0917-EZOLA,Male,1,72,104.15,YES,1,Loyal,"High Risk"
4088-YLDSU,Male,0,55,104.15,YES,1,Loyal,"High Risk"
6353-BRMMA,Female,0,54,104.1,NO,1,Loyal,"Low Risk"
5678-VFNEQ,Female,0,71,104.1,NO,1,Loyal,"Low Risk"
6374-NTQLP,Male,1,72,104.1,NO,1,Loyal,"Low Risk"
7694-VLBWQ,Male,0,67,104.1,YES,1,Loyal,"High Risk"
0960-HUWBM,Male,0,65,104.1,NO,1,Loyal,"Low Risk"
2107-FBPTK,Female,1,30,104.1,NO,1,Established,"Low Risk"
2369-UAPKZ,Male,0,5,104.1,YES,1,New,"High Risk"
3384-CTMSF,Male,0,47,104.1,NO,1,Loyal,"Low Risk"
6305-YLBMM,Male,0,69,104.05,YES,1,Loyal,"High Risk"
0868-VJRDR,Male,0,64,104.05,NO,1,Loyal,"Low Risk"
2927-CVULT,Female,0,53,104.05,NO,1,Loyal,"Low Risk"
4391-RESHN,Male,0,23,104.05,YES,1,Established,"High Risk"
2325-WINES,Female,0,32,104.05,NO,1,Established,"Low Risk"
5293-WXJAK,Female,1,11,104.05,YES,1,New,"High Risk"
8089-UZWLX,Female,1,71,104.05,NO,1,Loyal,"Low Risk"
3763-GCZHZ,Male,0,66,104.05,YES,1,Loyal,"High Risk"
7572-KPVKK,Male,0,62,104.05,NO,1,Loyal,"Low Risk"
4853-RULSV,Male,0,70,104,YES,1,Loyal,"High Risk"
7036-TYDEC,Female,0,69,104,NO,1,Loyal,"Low Risk"
2252-JHJGE,Male,0,61,104,NO,1,Loyal,"Low Risk"
4129-LYCOI,Female,0,67,104,NO,1,Loyal,"Low Risk"
5502-RLUYV,Female,0,69,103.95,YES,1,Loyal,"High Risk"
7663-YJHSN,Female,0,72,103.95,NO,1,Loyal,"Low Risk"
3001-UNBTL,Male,1,29,103.95,NO,1,Established,"Low Risk"
0877-SDMBN,Female,0,54,103.95,YES,1,Loyal,"High Risk"
9958-MEKUC,Male,0,72,103.95,NO,1,Loyal,"Low Risk"
8033-VCZGH,Male,0,50,103.95,NO,1,Loyal,"Low Risk"
4488-KQFDT,Female,0,61,103.95,NO,1,Loyal,"Low Risk"
8433-WPJTV,Female,1,65,103.9,NO,1,Loyal,"Low Risk"
5519-YLDGW,Female,0,21,103.9,YES,1,Established,"High Risk"
2830-LEWOA,Male,0,61,103.9,NO,1,Loyal,"Low Risk"
6646-VRFOL,Male,1,53,103.85,YES,1,Loyal,"High Risk"
3804-RVTGV,Male,0,50,103.85,YES,1,Loyal,"High Risk"
2038-LLMLM,Female,0,48,103.85,NO,1,Loyal,"Low Risk"
7181-OQCUT,Male,0,21,103.85,NO,1,Established,"Low Risk"
9919-YLNNG,Female,0,42,103.8,NO,1,Loyal,"Low Risk"
4097-YODCF,Male,0,34,103.8,NO,1,Established,"Low Risk"
4822-LPTYJ,Male,0,72,103.75,NO,1,Loyal,"Low Risk"
8267-ZNYVZ,Female,0,33,103.75,YES,1,Established,"High Risk"
7251-LJBQN,Female,1,40,103.75,NO,1,Loyal,"Low Risk"
0862-PRCBS,Female,0,68,103.75,NO,1,Loyal,"Low Risk"
6646-QVXLR,Male,1,62,103.75,YES,1,Loyal,"High Risk"
3413-DHLPB,Male,0,60,103.75,NO,1,Loyal,"Low Risk"
0280-XJGEX,Male,0,49,103.7,YES,1,Loyal,"High Risk"
0036-IHMOT,Female,0,55,103.7,NO,1,Loyal,"Low Risk"
5136-KCKGI,Female,0,33,103.7,YES,1,Established,"High Risk"
1842-EZJMK,Male,0,50,103.7,YES,1,Loyal,"High Risk"
2750-BJLSB,Female,0,47,103.7,NO,1,Loyal,"Low Risk"
3932-IJWDZ,Male,0,45,103.65,NO,1,Loyal,"Low Risk"
6749-UTDVX,Male,0,72,103.65,NO,1,Loyal,"Low Risk"
2832-KJCRD,Female,0,38,103.65,NO,1,Loyal,"Low Risk"
3005-TYFRD,Female,0,55,103.65,NO,1,Loyal,"Low Risk"
9129-UXERG,Female,1,18,103.6,NO,1,Established,"Low Risk"
7426-GSWPO,Male,1,64,103.5,NO,1,Loyal,"Low Risk"
1035-IPQPU,Female,1,63,103.5,NO,1,Loyal,"Low Risk"
4298-OYIFC,Male,0,15,103.45,NO,1,Established,"Low Risk"
9801-GDWGV,Female,0,39,103.45,YES,1,Loyal,"High Risk"
7774-OJSXI,Male,0,31,103.45,YES,1,Established,"High Risk"
1343-EHPYB,Male,0,63,103.4,YES,1,Loyal,"High Risk"
8809-RIHDD,Male,0,72,103.4,YES,1,Loyal,"High Risk"
4816-OKWNX,Male,0,50,103.4,NO,1,Loyal,"Low Risk"
7089-IVVAZ,Female,0,8,103.35,YES,1,New,"High Risk"
8715-KKTFG,Female,0,61,103.3,NO,1,Loyal,"Low Risk"
2357-COQEK,Female,1,28,103.3,YES,1,Established,"High Risk"
5449-FIBXJ,Male,0,19,103.3,YES,1,Established,"High Risk"
9625-QNLUX,Male,0,68,103.25,NO,1,Loyal,"Low Risk"
2239-JALAW,Male,0,58,103.25,YES,1,Loyal,"High Risk"
4800-CZMPC,Female,0,48,103.25,YES,1,Loyal,"High Risk"
6766-HFKLA,Female,0,56,103.2,NO,1,Loyal,"Low Risk"
2530-FMFXO,Male,0,56,103.2,NO,1,Loyal,"Low Risk"
2234-XADUH,Female,0,72,103.2,NO,1,Loyal,"Low Risk"
5696-CEIQJ,Male,0,67,103.15,NO,1,Loyal,"Low Risk"
1442-OKRJE,Male,0,66,103.15,NO,1,Loyal,"Low Risk"
4832-VRBMR,Male,1,65,103.15,NO,1,Loyal,"Low Risk"
7047-FWEYA,Female,0,46,103.15,NO,1,Loyal,"Low Risk"
7975-TZMLR,Male,0,47,103.1,NO,1,Loyal,"Low Risk"
2018-PZKMU,Male,0,9,103.1,NO,1,New,"Medium Risk"
3086-RUCRN,Female,0,66,103.1,NO,1,Loyal,"Low Risk"
4188-FRABG,Male,0,57,103.05,NO,1,Loyal,"Low Risk"
4062-HBMOS,Male,0,52,103.05,NO,1,Loyal,"Low Risk"
2931-XIQBR,Female,0,50,103.05,NO,1,Loyal,"Low Risk"
8133-ANHHJ,Female,1,49,103,NO,1,Loyal,"Low Risk"
7142-HVGBG,Male,1,43,103,YES,1,Loyal,"High Risk"
0639-TSIQW,Female,0,67,102.95,YES,1,Loyal,"High Risk"
4550-VBOFE,Male,1,70,102.95,YES,1,Loyal,"High Risk"
2034-CGRHZ,Male,1,24,102.95,YES,1,Established,"High Risk"
4199-QHJNM,Male,1,67,102.9,NO,1,Loyal,"Low Risk"
7134-MJPDY,Female,1,66,102.85,NO,1,Loyal,"Low Risk"
4658-HCOHW,Female,0,21,102.8,YES,1,Established,"High Risk"
6402-ZFPPI,Female,1,25,102.8,YES,1,Established,"High Risk"
4983-CLMLV,Female,0,52,102.7,NO,1,Loyal,"Low Risk"
2878-RMWXY,Male,1,72,102.65,NO,1,Loyal,"Low Risk"
3352-ALMCK,Male,0,40,102.65,NO,1,Loyal,"Low Risk"
2439-LYPMQ,Male,1,38,102.6,NO,1,Loyal,"Low Risk"
2019-HDCZY,Male,0,63,102.6,NO,1,Loyal,"Low Risk"
3058-HJCUY,Male,0,41,102.6,YES,1,Loyal,"High Risk"
9547-ITEFG,Male,0,9,102.6,NO,1,New,"Medium Risk"
0365-BZUWY,Male,0,17,102.55,NO,1,Established,"Low Risk"
9432-RUVSL,Female,0,48,102.5,NO,1,Loyal,"Low Risk"
0330-BGYZE,Male,0,60,102.5,NO,1,Loyal,"Low Risk"
1347-KTTTA,Male,0,64,102.45,NO,1,Loyal,"Low Risk"
6097-EQISJ,Female,0,66,102.45,YES,1,Loyal,"High Risk"
7181-BQYBV,Female,0,1,102.45,YES,1,New,"High Risk"
7233-DRTRF,Male,0,63,102.4,NO,1,Loyal,"Low Risk"
0201-MIBOL,Female,1,66,102.4,NO,1,Loyal,"Low Risk"
0520-FDVVT,Male,0,35,102.35,YES,1,Established,"High Risk"
0871-URUWO,Male,0,13,102.25,YES,1,Established,"High Risk"
0481-SUMCB,Female,1,45,102.15,NO,1,Loyal,"Low Risk"
9076-AXYIK,Male,1,64,102.1,NO,1,Loyal,"Low Risk"
0348-SDKOL,Female,0,58,102.1,YES,1,Loyal,"High Risk"
6999-CHVCF,Male,0,68,102.1,NO,1,Loyal,"Low Risk"
8979-CAMGB,Male,1,64,102.1,NO,1,Loyal,"Low Risk"
1465-VINDH,Female,0,10,102.1,YES,1,New,"High Risk"
4238-JSSWH,Female,1,35,102.05,NO,1,Established,"Low Risk"
6688-UZPWD,Female,0,11,102,YES,1,New,"High Risk"
5445-PZWGX,Male,0,62,102,YES,1,Loyal,"High Risk"
8884-ADFVN,Male,1,7,101.95,YES,1,New,"High Risk"
0402-CQAJN,Female,0,37,101.9,YES,1,Loyal,"High Risk"
9323-HGFWY,Female,0,27,101.9,NO,1,Established,"Low Risk"
4676-MQUEA,Male,1,50,101.9,NO,1,Loyal,"Low Risk"
6967-QIQRV,Male,0,15,101.9,NO,1,Established,"Low Risk"
7056-IMHCC,Male,1,53,101.9,YES,1,Loyal,"High Risk"
2474-BRUCM,Male,1,40,101.85,YES,1,Loyal,"High Risk"
3629-ZNKXA,Male,1,17,101.8,NO,1,Established,"Low Risk"
8903-WMRNW,Female,0,15,101.75,NO,1,Established,"Low Risk"
2623-DRYAM,Female,0,70,101.75,NO,1,Loyal,"Low Risk"
1723-HKXJQ,Male,0,42,101.75,YES,1,Loyal,"High Risk"
0702-PGIBZ,Male,0,4,101.7,YES,1,New,"High Risk"
0580-PIQHM,Female,0,41,101.6,NO,1,Loyal,"Low Risk"
5628-RKIFK,Female,1,49,101.55,NO,1,Loyal,"Low Risk"
5299-SJCZT,Male,0,3,101.55,YES,1,New,"High Risk"
0406-BPDVR,Female,1,54,101.5,YES,1,Loyal,"High Risk"
8118-TJAFG,Male,0,9,101.5,NO,1,New,"Medium Risk"
1028-FFNJK,Male,1,30,101.5,NO,1,Established,"Low Risk"
5419-JPRRN,Male,0,1,101.45,YES,1,New,"High Risk"
2692-BUCFV,Male,1,29,101.45,NO,1,Established,"Low Risk"
2452-KDRRH,Male,1,67,101.4,NO,1,Loyal,"Low Risk"
2603-HVKCG,Male,0,31,101.4,NO,1,Established,"Low Risk"
4958-XCBDQ,Male,1,35,101.4,YES,1,Established,"High Risk"
5298-GSTLM,Female,1,60,101.4,NO,1,Loyal,"Low Risk"
9600-NAXZN,Male,0,43,101.4,YES,1,Loyal,"High Risk"
2809-ZMYOQ,Female,0,32,101.35,NO,1,Established,"Low Risk"
6500-JVEGC,Male,0,68,101.35,NO,1,Loyal,"Low Risk"
7234-FECYN,Female,1,8,101.35,YES,1,New,"High Risk"
0125-LZQXK,Male,0,15,101.35,YES,1,Established,"High Risk"
8429-XIBUM,Male,0,22,101.35,YES,1,Established,"High Risk"
3902-FOIGH,Male,1,12,101.35,YES,1,Established,"High Risk"
1335-HQMKX,Female,0,72,101.35,NO,1,Loyal,"Low Risk"
4553-DVPZG,Female,0,62,101.35,NO,1,Loyal,"Low Risk"
4289-DTDKW,Male,0,40,101.3,YES,1,Loyal,"High Risk"
0019-EFAEP,Female,0,72,101.3,NO,1,Loyal,"Low Risk"
7748-UMTRK,Female,1,30,101.3,NO,1,Established,"Low Risk"
4884-TVUQF,Female,1,57,101.3,NO,1,Loyal,"Low Risk"
5569-OUICF,Female,1,28,101.3,YES,1,Established,"High Risk"
6693-FRIRW,Male,0,18,101.3,NO,1,Established,"Low Risk"
0147-ESWWR,Female,1,39,101.25,NO,1,Loyal,"Low Risk"
0886-QGENL,Female,1,27,101.25,YES,1,Established,"High Risk"
3663-MITLP,Female,0,15,101.25,YES,1,Established,"High Risk"
5811-IWXYM,Female,0,52,101.25,NO,1,Loyal,"Low Risk"
4597-NUCQV,Male,1,24,101.25,YES,1,Established,"High Risk"
3167-SNQPL,Male,1,38,101.15,NO,1,Loyal,"Low Risk"
0880-TKATG,Male,0,4,101.15,YES,1,New,"High Risk"
7182-OVLBJ,Female,0,62,101.15,NO,1,Loyal,"Low Risk"
8378-LKJAF,Male,0,38,101.15,NO,1,Loyal,"Low Risk"
4455-BFSPD,Female,0,61,101.15,NO,1,Loyal,"Low Risk"
3716-LRGXK,Male,0,60,101.15,NO,1,Loyal,"Low Risk"
0302-JOIVN,Female,0,8,101.15,YES,1,New,"High Risk"
6029-WTIPC,Male,1,37,101.1,YES,1,Loyal,"High Risk"
4523-WXCEF,Female,0,59,101.1,YES,1,Loyal,"High Risk"
0680-DFNNY,Male,0,15,101.1,YES,1,Established,"High Risk"
2014-MKGMH,Female,0,46,101.1,NO,1,Loyal,"Low Risk"
5453-YBTWV,Male,0,70,101.1,NO,1,Loyal,"Low Risk"
9825-YCXWZ,Female,1,41,101.1,NO,1,Loyal,"Low Risk"
1095-WGNGG,Female,0,61,101.05,NO,1,Loyal,"Low Risk"
7901-TBKJX,Male,1,56,101.05,NO,1,Loyal,"Low Risk"
2430-USGXP,Male,0,24,101.05,YES,1,Established,"High Risk"
2898-MRKPI,Male,0,68,101.05,NO,1,Loyal,"Low Risk"
2521-NPUZR,Male,0,70,101,NO,1,Loyal,"Low Risk"
4433-JCGCG,Male,1,46,101,YES,1,Loyal,"High Risk"
8374-XGEJJ,Male,1,43,101,YES,1,Loyal,"High Risk"
6023-YEBUP,Male,0,3,100.95,YES,1,New,"High Risk"
5828-AVIPD,Male,0,19,100.95,YES,1,Established,"High Risk"
9848-JQJTX,Male,0,72,100.9,NO,1,Loyal,"Low Risk"
8402-EIVQS,Male,0,67,100.9,NO,1,Loyal,"Low Risk"
7879-CGSFV,Male,0,55,100.9,NO,1,Loyal,"Low Risk"
2696-ECXKC,Female,0,55,100.9,NO,1,Loyal,"Low Risk"
0899-LIIBW,Male,0,34,100.85,NO,1,Established,"Low Risk"
7881-INRLC,Male,0,45,100.85,YES,1,Loyal,"High Risk"
2040-VZIKE,Female,0,49,100.85,NO,1,Loyal,"Low Risk"
6326-MTTXK,Male,0,8,100.85,YES,1,New,"High Risk"
4132-KALRO,Female,0,4,100.85,NO,1,New,"Medium Risk"
6851-WEFYX,Male,1,35,100.8,NO,1,Established,"Low Risk"
7216-EWTRS,Female,1,1,100.8,YES,1,New,"High Risk"
1013-QCWAM,Female,1,66,100.8,NO,1,Loyal,"Low Risk"
8510-AWCXC,Female,1,13,100.8,YES,1,Established,"High Risk"
2293-IJWPS,Female,0,57,100.75,NO,1,Loyal,"Low Risk"
9079-LWTFD,Male,0,47,100.75,NO,1,Loyal,"Low Risk"
7587-AOVVU,Male,0,27,100.75,NO,1,Established,"Low Risk"
5590-BYNII,Male,0,22,100.75,YES,1,Established,"High Risk"
3756-VNWDH,Male,1,65,100.75,NO,1,Loyal,"Low Risk"
7315-WYOAW,Male,0,13,100.75,NO,1,Established,"Low Risk"
4078-SAYYN,Female,0,11,100.75,YES,1,New,"High Risk"
0265-PSUAE,Female,0,16,100.7,NO,1,Established,"Low Risk"
7641-EUYET,Male,1,46,100.7,YES,1,Loyal,"High Risk"
3096-WPXBT,Female,0,61,100.7,NO,1,Loyal,"Low Risk"
5781-BKHOP,Female,0,72,100.65,NO,1,Loyal,"Low Risk"
7392-YYPYJ,Male,0,22,100.65,NO,1,Established,"Low Risk"
5278-PNYOX,Female,0,49,100.65,NO,1,Loyal,"Low Risk"
3791-LGQCY,Female,1,56,100.65,YES,1,Loyal,"High Risk"
5671-UUNXD,Female,1,50,100.65,NO,1,Loyal,"Low Risk"
2968-SSGAA,Female,0,10,100.6,YES,1,New,"High Risk"
1932-UEDCX,Male,1,33,100.6,NO,1,Established,"Low Risk"
3190-XFANI,Male,0,49,100.6,YES,1,Loyal,"High Risk"
3768-NLUBH,Male,1,57,100.6,YES,1,Loyal,"High Risk"
4822-RVYBB,Male,1,8,100.6,YES,1,New,"High Risk"
8384-FZBJK,Female,0,57,100.6,NO,1,Loyal,"Low Risk"
7663-ZTEGJ,Male,0,29,100.55,NO,1,Established,"Low Risk"
7549-MYGPK,Female,0,63,100.55,YES,1,Loyal,"High Risk"
2924-KHUVI,Male,0,56,100.55,NO,1,Loyal,"Low Risk"
7641-TQFHN,Male,0,39,100.55,NO,1,Loyal,"Low Risk"
6481-ESCNL,Female,0,29,100.55,NO,1,Established,"Low Risk"
8809-XKHMD,Male,0,72,100.55,NO,1,Loyal,"Low Risk"
6615-NGGZJ,Male,0,14,100.55,YES,1,Established,"High Risk"
1217-VASWC,Male,1,43,100.55,NO,1,Loyal,"Low Risk"
8761-NSOBC,Male,0,44,100.55,YES,1,Loyal,"High Risk"
0218-QNVAS,Male,0,71,100.55,NO,1,Loyal,"Low Risk"
9681-OXGVC,Female,0,5,100.5,YES,1,New,"High Risk"
0434-CSFON,Female,0,47,100.5,NO,1,Loyal,"Low Risk"
0781-LKXBR,Male,1,9,100.5,YES,1,New,"High Risk"
8840-DQLGN,Female,1,35,100.5,YES,1,Established,"High Risk"
6463-HHXJR,Female,0,71,100.5,NO,1,Loyal,"Low Risk"
8982-NHAVY,Male,0,27,100.5,NO,1,Established,"Low Risk"
0512-FLFDW,Female,1,60,100.5,NO,1,Loyal,"Low Risk"
7714-YXSMB,Female,0,26,100.5,NO,1,Established,"Low Risk"
7029-RPUAV,Male,1,17,100.45,YES,1,Established,"High Risk"
8659-IOOPU,Female,0,71,100.45,NO,1,Loyal,"Low Risk"
9139-WQQDY,Female,0,49,100.45,YES,1,Loyal,"High Risk"
6116-RFVHN,Female,0,34,100.45,NO,1,Established,"Low Risk"
4998-IKFSE,Female,0,30,100.45,NO,1,Established,"Low Risk"
1116-DXXDF,Male,0,39,100.45,NO,1,Loyal,"Low Risk"
1482-OXZSY,Male,0,30,100.4,NO,1,Established,"Low Risk"
6847-KJLTS,Female,1,58,100.4,NO,1,Loyal,"Low Risk"
1641-RQDAY,Female,1,32,100.4,NO,1,Established,"Low Risk"
0722-SVSFK,Female,0,7,100.4,NO,1,New,"Medium Risk"
8216-AZUUZ,Female,0,42,100.4,NO,1,Loyal,"Low Risk"
8091-TTVAX,Male,0,58,100.35,NO,1,Loyal,"Low Risk"
9330-IJWIO,Female,0,13,100.35,YES,1,Established,"High Risk"
0516-OOHAR,Male,0,28,100.35,NO,1,Established,"Low Risk"
8375-KVTHK,Male,0,68,100.3,NO,1,Loyal,"Low Risk"
5816-QVHRX,Female,0,37,100.3,NO,1,Loyal,"Low Risk"
4710-FDUIZ,Male,0,56,100.3,YES,1,Loyal,"High Risk"
9889-TMAHG,Male,1,8,100.3,YES,1,New,"High Risk"
5223-UZAVK,Male,0,64,100.3,NO,1,Loyal,"Low Risk"
3253-HKOKL,Female,0,52,100.3,NO,1,Loyal,"Low Risk"
5447-WZAFP,Female,0,53,100.3,NO,1,Loyal,"Low Risk"
2800-QQUSO,Male,0,42,100.3,NO,1,Loyal,"Low Risk"
0853-NWIFK,Female,0,45,100.3,NO,1,Loyal,"Low Risk"
5299-RULOA,Female,0,10,100.25,YES,1,New,"High Risk"
0939-YAPAF,Female,0,35,100.25,YES,1,Established,"High Risk"
6199-IWKGC,Female,1,46,100.25,NO,1,Loyal,"Low Risk"
3178-FESZO,Female,0,1,100.25,YES,1,New,"High Risk"
3393-FMZPV,Female,0,25,100.25,YES,1,Established,"High Risk"
9402-ROUMJ,Female,0,67,100.25,NO,1,Loyal,"Low Risk"
7379-FNIUJ,Male,0,2,100.2,NO,1,New,"Medium Risk"
3621-CEOVK,Female,1,14,100.2,YES,1,Established,"High Risk"
7272-QDCKA,Male,0,28,100.2,NO,1,Established,"Low Risk"
9028-LIHRP,Male,0,71,100.2,NO,1,Loyal,"Low Risk"
2656-TABEH,Male,0,4,100.2,YES,1,New,"High Risk"
4817-VYYWS,Female,0,30,100.2,YES,1,Established,"High Risk"
0324-BRPCJ,Female,1,68,100.2,YES,1,Loyal,"High Risk"
4366-CTOUZ,Female,0,50,100.2,NO,1,Loyal,"Low Risk"
9094-AZPHK,Female,0,15,100.15,NO,1,Established,"Low Risk"
2382-BCKQJ,Female,0,62,100.15,YES,1,Loyal,"High Risk"
2754-SDJRD,Female,1,8,100.15,NO,1,New,"Medium Risk"
4837-QUSFT,Female,0,65,100.15,NO,1,Loyal,"Low Risk"
0596-BQCEQ,Female,0,62,100.15,YES,1,Loyal,"High Risk"
2612-RANWT,Female,0,12,100.15,YES,1,Established,"High Risk"
9233-PSYHO,Female,1,45,100.15,NO,1,Loyal,"Low Risk"
3162-KKZXO,Female,1,55,100.15,NO,1,Loyal,"Low Risk"
2578-JQPHZ,Male,0,44,100.1,NO,1,Loyal,"Low Risk"
5515-AKOAJ,Female,0,54,100.1,YES,1,Loyal,"High Risk"
9647-ERGBE,Female,0,30,100.05,YES,1,Established,"High Risk"
0931-MHTEM,Female,0,54,100.05,NO,1,Loyal,"Low Risk"
8634-MPHTR,Male,1,47,100.05,YES,1,Loyal,"High Risk"
5090-EMGTC,Female,0,59,100.05,NO,1,Loyal,"Low Risk"
1956-YIFGE,Male,0,22,100.05,NO,1,Established,"Low Risk"
8397-MVTAZ,Male,0,34,100.05,YES,1,Established,"High Risk"
9518-RWHZL,Female,0,64,100.05,YES,1,Loyal,"High Risk"
1666-JXLKU,Female,0,37,100.05,NO,1,Loyal,"Low Risk"
2669-OIDSD,Female,0,48,100.05,NO,1,Loyal,"Low Risk"
2632-UCGVD,Male,1,66,100.05,YES,1,Loyal,"High Risk"
0727-BMPLR,Female,1,55,100,YES,1,Loyal,"High Risk"
3473-XIIIT,Female,0,16,100,YES,1,Established,"High Risk"
6849-OYAMU,Male,0,19,100,YES,1,Established,"High Risk"
7486-KSRVI,Male,0,43,100,YES,1,Loyal,"High Risk"
0327-WFZSY,Male,0,39,100,NO,1,Loyal,"Low Risk"
8709-KRDVL,Female,0,33,100,NO,1,Established,"Low Risk"
3440-JPSCL,Female,0,6,99.95,YES,1,New,"High Risk"
0089-IIQKO,Female,0,39,99.95,NO,1,Loyal,"Low Risk"
5883-GTGVD,Male,0,19,99.95,YES,1,Established,"High Risk"
1571-SAVHK,Male,0,12,99.95,YES,1,Established,"High Risk"
3511-APPBJ,Male,0,23,99.95,NO,1,Established,"Low Risk"
1254-IZEYF,Female,1,31,99.95,YES,1,Established,"High Risk"
6234-RAAPL,Female,0,72,99.9,NO,1,Loyal,"Low Risk"
0356-OBMAC,Female,1,56,99.9,NO,1,Loyal,"Low Risk"
2748-MYRVK,Female,0,63,99.9,YES,1,Loyal,"High Risk"
4937-QPZPO,Male,0,61,99.9,NO,1,Loyal,"Low Risk"
8443-WVPSS,Male,0,10,99.85,YES,1,New,"High Risk"
4686-UXDML,Female,0,21,99.85,NO,1,Established,"Low Risk"
8784-CGILN,Female,0,18,99.85,YES,1,Established,"High Risk"
0380-NEAVX,Male,1,34,99.85,NO,1,Established,"Low Risk"
0320-JDNQG,Male,0,23,99.85,YES,1,Established,"High Risk"
1091-SOZGA,Female,0,56,99.8,NO,1,Loyal,"Low Risk"
3811-VBYBZ,Male,0,7,99.8,YES,1,New,"High Risk"
5419-CONWX,Female,1,4,99.8,YES,1,New,"High Risk"
8785-CJSHH,Female,0,60,99.8,NO,1,Loyal,"Low Risk"
6651-AZVTJ,Male,0,49,99.8,YES,1,Loyal,"High Risk"
2845-AFFTX,Male,1,41,99.8,YES,1,Loyal,"High Risk"
8631-WUXGY,Female,0,46,99.8,NO,1,Loyal,"Low Risk"
7240-FQLHE,Female,1,18,99.75,YES,1,Established,"High Risk"
2805-EDJPQ,Female,0,56,99.75,NO,1,Loyal,"Low Risk"
0107-YHINA,Male,0,1,99.75,YES,1,New,"High Risk"
0420-HLGXF,Female,1,39,99.75,NO,1,Loyal,"Low Risk"
7783-YKGDV,Female,0,12,99.7,YES,1,Established,"High Risk"
4713-ZBURT,Male,0,45,99.7,NO,1,Loyal,"Low Risk"
6211-WWLTF,Male,0,63,99.7,NO,1,Loyal,"Low Risk"
6543-XRMYR,Female,1,30,99.7,YES,1,Established,"High Risk"
4128-ETESU,Female,1,47,99.7,NO,1,Loyal,"Low Risk"
6215-NQCPY,Male,0,15,99.7,NO,1,Established,"Low Risk"
1545-ACTAS,Female,0,48,99.7,NO,1,Loyal,"Low Risk"
0572-ZJKLT,Female,0,46,99.65,NO,1,Loyal,"Low Risk"
8065-QBYTO,Female,1,71,99.65,NO,1,Loyal,"Low Risk"
9305-CDSKC,Female,0,8,99.65,YES,1,New,"High Risk"
8769-KKTPH,Female,0,63,99.65,NO,1,Loyal,"Low Risk"
3070-BDOQC,Female,0,60,99.65,NO,1,Loyal,"Low Risk"
0447-RXSGD,Male,0,24,99.65,NO,1,Established,"Low Risk"
5693-PIPCS,Male,0,41,99.65,NO,1,Loyal,"Low Risk"
8468-EHYJA,Female,0,57,99.65,NO,1,Loyal,"Low Risk"
2674-MLXMN,Female,1,71,99.65,NO,1,Loyal,"Low Risk"
2265-CYWIV,Female,1,4,99.6,YES,1,New,"High Risk"
8818-XYFCQ,Male,0,32,99.55,YES,1,Established,"High Risk"
4803-AXVYP,Female,1,38,99.55,YES,1,Loyal,"High Risk"
9938-TKDGL,Male,0,68,99.55,NO,1,Loyal,"Low Risk"
2012-NWRPA,Female,1,11,99.55,YES,1,New,"High Risk"
2568-OIADY,Female,0,37,99.5,YES,1,Loyal,"High Risk"
3349-ANQNH,Female,1,59,99.5,NO,1,Loyal,"Low Risk"
4009-ALQFH,Female,0,25,99.5,YES,1,Established,"High Risk"
6103-LIANB,Male,0,59,99.5,NO,1,Loyal,"Low Risk"
4791-QRGMF,Male,0,59,99.5,YES,1,Loyal,"High Risk"
2003-CKLOR,Male,0,66,99.5,YES,1,Loyal,"High Risk"
6227-FBDXH,Male,0,69,99.5,NO,1,Loyal,"Low Risk"
1587-FKLZB,Male,1,66,99.5,YES,1,Loyal,"High Risk"
0320-DWVTU,Female,0,53,99.5,NO,1,Loyal,"Low Risk"
0897-FEGMU,Female,0,11,99.5,YES,1,New,"High Risk"
0979-PHULV,Male,0,69,99.45,YES,1,Loyal,"High Risk"
7954-MLBUN,Male,0,31,99.45,NO,1,Established,"Low Risk"
6210-KBBPI,Male,1,9,99.45,YES,1,New,"High Risk"
6627-CFOSN,Female,0,59,99.45,NO,1,Loyal,"Low Risk"
7450-NWRTR,Male,1,12,99.45,YES,1,Established,"High Risk"
8019-ENHXU,Male,0,42,99.45,YES,1,Loyal,"High Risk"
0487-RPVUM,Male,0,61,99.4,NO,1,Loyal,"Low Risk"
0665-XHDJU,Male,0,72,99.4,NO,1,Loyal,"Low Risk"
7103-IPXPJ,Male,0,50,99.4,NO,1,Loyal,"Low Risk"
7005-CYUIL,Female,1,71,99.4,NO,1,Loyal,"Low Risk"
7780-OTDSO,Male,0,18,99.4,YES,1,Established,"High Risk"
9732-EQMWY,Female,0,49,99.4,NO,1,Loyal,"Low Risk"
6467-CHFZW,Male,0,47,99.35,YES,1,Loyal,"High Risk"
1325-USMEC,Male,0,70,99.35,NO,1,Loyal,"Low Risk"
6196-HBOBZ,Male,0,65,99.35,NO,1,Loyal,"Low Risk"
4419-UJMUS,Male,0,69,99.35,NO,1,Loyal,"Low Risk"
5480-TBGPH,Female,0,24,99.3,YES,1,Established,"High Risk"
4445-ZJNMU,Male,0,9,99.3,NO,1,New,"Medium Risk"
3524-WQDSG,Female,0,43,99.3,NO,1,Loyal,"Low Risk"
8929-KSWIH,Male,0,25,99.3,NO,1,Established,"Low Risk"
0080-OROZO,Female,0,35,99.25,NO,1,Established,"Low Risk"
9570-KYEUA,Male,0,64,99.25,NO,1,Loyal,"Low Risk"
2519-FAKOD,Male,0,38,99.25,YES,1,Loyal,"High Risk"
6861-XWTWQ,Male,1,7,99.25,YES,1,New,"High Risk"
5578-NKCXI,Female,0,58,99.25,NO,1,Loyal,"Low Risk"
3934-HXCFZ,Male,0,23,99.25,YES,1,Established,"High Risk"
2284-VFLKH,Male,0,49,99.25,NO,1,Loyal,"Low Risk"
2995-UPRYS,Female,1,40,99.2,YES,1,Loyal,"High Risk"
2277-BKJKN,Female,1,71,99.2,NO,1,Loyal,"Low Risk"
2153-MREFK,Female,0,37,99.2,YES,1,Loyal,"High Risk"
0742-LAFQK,Male,0,72,99.15,NO,1,Loyal,"Low Risk"
0310-MVLET,Female,0,61,99.15,YES,1,Loyal,"High Risk"
4236-XPXAV,Female,0,5,99.15,YES,1,New,"High Risk"
2227-JRSJX,Female,0,21,99.15,NO,1,Established,"Low Risk"
9974-JFBHQ,Male,0,64,99.15,NO,1,Loyal,"Low Risk"
